{
  "n_embeddings": 1649,
  "embedding_dim": 768,
  "effective_dim_90": 101,
  "effective_dim_95": 159,
  "effective_dim_99": 300,
  "participation_ratio": 14.571369171142578,
  "top50_explained_ratio": [
    0.20328474044799805,
    0.11507061868906021,
    0.09194765985012054,
    0.035196054726839066,
    0.03028029575943947,
    0.021641261875629425,
    0.02148357965052128,
    0.016184760257601738,
    0.014314363710582256,
    0.013181508518755436,
    0.012234032154083252,
    0.010954499244689941,
    0.010181683115661144,
    0.009780162945389748,
    0.009005973115563393,
    0.008921963162720203,
    0.008356821723282337,
    0.00817363802343607,
    0.007651374209672213,
    0.0075302147306501865,
    0.007186605595052242,
    0.006947971414774656,
    0.006673671770840883,
    0.006597695406526327,
    0.006293609272688627,
    0.006013473495841026,
    0.005820858292281628,
    0.005701891146600246,
    0.005630298051983118,
    0.00550540816038847,
    0.005284205079078674,
    0.0051462072879076,
    0.0047952234745025635,
    0.004693498834967613,
    0.004541043192148209,
    0.0044196550734341145,
    0.004288483411073685,
    0.004201621748507023,
    0.0040671201422810555,
    0.003927027340978384,
    0.0038870663847774267,
    0.0037026472855359316,
    0.003592674620449543,
    0.003550540888682008,
    0.0034671961329877377,
    0.003431608434766531,
    0.003402118571102619,
    0.0033325788099318743,
    0.0032354777213186026,
    0.0031720297411084175
  ],
  "top50_cumulative_ratio": [
    0.20328474044799805,
    0.31835535168647766,
    0.410302996635437,
    0.445499062538147,
    0.47577935457229614,
    0.49742060899734497,
    0.5189042091369629,
    0.5350889563560486,
    0.5494033098220825,
    0.5625848174095154,
    0.5748188495635986,
    0.5857733488082886,
    0.5959550142288208,
    0.605735182762146,
    0.6147411465644836,
    0.6236631274223328,
    0.6320199370384216,
    0.6401935815811157,
    0.6478449702262878,
    0.6553751826286316,
    0.6625617742538452,
    0.669509768486023,
    0.6761834621429443,
    0.6827811598777771,
    0.6890747547149658,
    0.6950882077217102,
    0.7009090781211853,
    0.7066109776496887,
    0.7122412919998169,
    0.7177466750144958,
    0.7230308651924133,
    0.7281770706176758,
    0.732972264289856,
    0.7376657724380493,
    0.7422068119049072,
    0.7466264963150024,
    0.750914990901947,
    0.7551166415214539,
    0.7591837644577026,
    0.7631108164787292,
    0.7669978737831116,
    0.7707005143165588,
    0.7742931842803955,
    0.777843713760376,
    0.7813109159469604,
    0.784742534160614,
    0.7881446480751038,
    0.7914772033691406,
    0.7947126626968384,
    0.7978847026824951
  ],
  "agent_subspace": {
    "agents": [
      "aegis",
      "conversation",
      "da3c6951-eae8-4818-83a1-611a09142779",
      "epoch",
      "event",
      "hermes",
      "hippocampus",
      "kernel",
      "obsidian_note",
      "openclaw",
      "paperclip-armor",
      "paperclip-axiom",
      "paperclip-cipher",
      "paperclip-codex",
      "paperclip-cortex",
      "paperclip-embed",
      "paperclip-engram",
      "paperclip-lattice",
      "paperclip-legion",
      "paperclip-nexus",
      "paperclip-probe",
      "paperclip-prune",
      "paperclip-recall",
      "paperclip-scribe-2",
      "paperclip-sentinel-2",
      "paperclip-tempo",
      "paperclip-weaver",
      "unknown"
    ],
    "spreads": {
      "aegis": 0.4968380630016327,
      "conversation": 0.4448309540748596,
      "da3c6951-eae8-4818-83a1-611a09142779": 0.14894260466098785,
      "epoch": 0.49254530668258667,
      "event": 0.21000662446022034,
      "hermes": 0.5173723101615906,
      "hippocampus": 0.5327372550964355,
      "kernel": 0.4412864148616791,
      "obsidian_note": 0.34068307280540466,
      "openclaw": 0.5175634026527405,
      "paperclip-armor": 0.43039190769195557,
      "paperclip-axiom": 0.4511949121952057,
      "paperclip-cipher": 0.46095049381256104,
      "paperclip-codex": 0.547213077545166,
      "paperclip-cortex": 0.5163300633430481,
      "paperclip-embed": 0.3799099922180176,
      "paperclip-engram": 0.5165075659751892,
      "paperclip-lattice": 0.4962203800678253,
      "paperclip-legion": 0.5206761956214905,
      "paperclip-nexus": 0.5184794664382935,
      "paperclip-probe": 0.49844735860824585,
      "paperclip-prune": 0.512802004814148,
      "paperclip-recall": 0.5267165303230286,
      "paperclip-scribe-2": 0.5041672587394714,
      "paperclip-sentinel-2": 0.5210981369018555,
      "paperclip-tempo": 0.4450029134750366,
      "paperclip-weaver": 0.512941300868988,
      "unknown": 0.16813714802265167
    },
    "hermes_hippocampus_cosine": 0.37332913279533386
  },
  "tensor_analysis": {
    "mean_abs_pc_correlation": 2.2948276043536687e-06,
    "interpretation": "Low mean correlation (< 0.05) suggests near-orthogonal PCs (expected). Tensor product structure would manifest as clusters of correlated PCs. Observed: 0.0000",
    "factorization_rank1_ratios": {
      "32x24": 0.08309642225503922,
      "16x48": 0.10246530920267105
    },
    "best_factorization": "16x48"
  },
  "source_breakdown": {
    "memories": 205,
    "events": 1214,
    "context": 230
  }
}